<?xml version="1.0" encoding="UTF-8"?>
<project name="jDummy">
  <bannerLeft>
    <src>http://sflogo.sourceforge.net/sflogo.php?group_id=154485&amp;type=2</src>
    <href>http://sourceforge.net</href>
  </bannerLeft>
  <bannerRight>
    <name>jDummy</name>
  </bannerRight>
  <body>
    <links>
      <item name="jMock" href="http://jmock.codehaus.org/" />
      <item name="JUnit 1.0" href="http://www.junit.org/" />
      <item name="About mock objects" href="http://www.mockobjects.com/" />
      <item name="SourceForge" href="http://sourceforge.net"
        img="http://sflogo.sourceforge.net/sflogo.php?group_id=154485&amp;type=1" />
    </links>

    <menu name="Resources">
      <item name="Download"
        href="http://sourceforge.net/project/showfiles.php?group_id=154485" />
      <item name="Quick Start" href="quick-start.html"/>
      <item name="JavaDocs" href="apidocs/net/sf/jdummy/package-summary.html" />
      <item name="Benefits" href="benefits.html" />
      <item name="Randomness" href="RandomNote.html" />
      <item name="Feedback"
      	href="http://sourceforge.net/forum/forum.php?forum_id=517443" />
    </menu>


    ${reports}

    <a href="http://sourceforge.net">
      <img
        src="http://sflogo.sourceforge.net/sflogo.php?group_id=154485&amp;type=1"
        width="88" height="31" border="0" alt="SourceForge.net Logo" />
    </a>
  </body>
</project>
